bet_1,bet_2,intersection
1,2,5.101736014339753
2,5,11.963246460232789
5,10,25.508680071698763
10,25,59.81617126600764
25,50,127.5433393233378
